<?xml version="1.0" encoding="UTF-8"?>
<project-private xmlns="http://www.netbeans.org/ns/project-private/1">
    <editor-bookmarks xmlns="http://www.netbeans.org/ns/editor-bookmarks/2" lastBookmarkId="0"/>
    <open-files xmlns="http://www.netbeans.org/ns/projectui-open-files/2">
        <group>
            <file>file:/C:/Users/uriel/Desktop/ALC/punto_4_dib/src/views/dibujo_View.java</file>
            <file>file:/C:/Users/uriel/Desktop/ALC/punto_4_dib/src/punto_4_dib/grafica.java</file>
            <file>file:/C:/Users/uriel/Desktop/ALC/punto_4_dib/src/punto_4_dib/Punto_4_dib.java</file>
        </group>
    </open-files>
</project-private>
